,titles,links
0,ì›¹ì‚¬ì´íŠ¸ ìš´ì˜í•˜ë ¤ë©´? ë„ë©”ì¸ê³¼ í˜¸ìŠ¤íŒ… í•„ìˆ˜!,https://library.gabia.com/contents/domain/13153/
1,ìµœëŒ€ 1ì–µ ì› í˜œíƒ! AWS Liftë¡œ í´ë¼ìš°ë“œ ì €ë ´í•˜ê²Œ ì“°ì„¸ìš”.,https://library.gabia.com/contents/infrahosting/13045/
2,í•˜ì´ë¸Œë¦¬ë“œ í´ë¼ìš°ë“œë€? ì •ì˜ì™€ íŠ¹ì§• í†ºì•„ë³´ê¸°,https://library.gabia.com/contents/infrahosting/13024/
3,ì„¸ê¸ˆê³„ì‚°ì„œ ì—­ë°œí–‰ ì‰½ê²Œí•˜ëŠ” ë°©ë²•,https://library.gabia.com/contents/groupware/13006/
4,"SSL ë³´ì•ˆì„œë²„ ì¸ì¦ì„œ, ë¬´ë£Œì™€ ìœ ë£Œ ìƒí’ˆì˜ ì°¨ì´",https://library.gabia.com/contents/12955/
5,í˜¸ìŠ¤íŒ… ì´í•´í•˜ê¸°_í˜¸ìŠ¤íŒ… ì •ì˜ì™€ ì¢…ë¥˜,https://library.gabia.com/contents/12948/
6,"â€˜ê²½ë¹„ì§€ì¶œ ë‚´ì—­ ì •ë¦¬=ì•¼ê·¼â€™ ê³µì‹ì„ ë¶€ìˆ˜ëŠ” ê°„ë‹¨í•œ ë°©ë²•, í•˜ì´ì›ìŠ¤ ê²½ë¹„ì§€ì¶œê´€ë¦¬",https://library.gabia.com/contents/groupware/12928/
7,ê°€ë¹„ì•„ ê¸°ìˆ  ì§€ì›ìœ¼ë¡œ ì¸í”„ë¼ ê´€ë¦¬ ì¸ë ¥ì„ ìµœì†Œí™”í–ˆìŠµë‹ˆë‹¤.,https://library.gabia.com/contents/12912/
8,ë³´ì•ˆ ì„œë¹„ìŠ¤ê¹Œì§€ í†µí•©ì ìœ¼ë¡œ ì§€ì›ë°›ì•„ ë¹ ë¥¸ ëŒ€ì‘ì´ ê°€ëŠ¥í•©ë‹ˆë‹¤.,https://library.gabia.com/contents/12900/
9,ìŠ¤íƒ€íŠ¸ì—…ì„ ìœ„í•œ ê¸°ìˆ  ì§€ì›ê³¼ ì„œë¹„ìŠ¤! AWS Activate í”„ë¡œê·¸ë¨ â‘¡,https://library.gabia.com/contents/12883/
10,í•˜ì´ì›ìŠ¤ ë“œë¼ì´ë¸Œ ê¸°ëŠ¥ìœ¼ë¡œ ìë£Œ ìœ ì‹¤ ê±±ì •ì€ ì´ì œ ê·¸ë§Œ!,https://library.gabia.com/contents/groupware/12849/
11,ìŠ¤íƒ€íŠ¸ì—…ì´ë¼ë©´ í•„ìˆ˜ ì²´í¬! AWS Activate í”„ë¡œê·¸ë¨ â‘ ,https://library.gabia.com/contents/12827/
12,2ì°¨ ì—°ì°¨ì‚¬ìš©ì´‰ì§„ ì•„ì§ë„ ì•ˆí•˜ì…¨ë‹¤ê³ ìš”?,https://library.gabia.com/contents/groupware/12792/
13,ì¸í•˜ëŒ€ë³‘ì› | ë³´ì•ˆì€ ë¬¼ë¡  ì†ë„ê¹Œì§€ ë¹ ë¥¸ ê³µê³µí•˜ì´ì›ìŠ¤,https://library.gabia.com/contents/groupware/12749/
14,"10/2 ì„ì‹œê³µíœ´ì¼ ì§€ì •, ì¸ì‚¬ë‹´ë‹¹ìê°€ ë¯¸ë¦¬ í•´ì•¼í•  ì¼",https://library.gabia.com/contents/groupware/12731/
15,"ì „ìê²°ì¬ë€? - ì „ìê²°ì¬ì˜ ì •ì˜, í•„ìš”ì„±, í•˜ì´ì›ìŠ¤ ì „ìê²°ì¬ ì¥ì ",https://library.gabia.com/contents/groupware/12700/
16,ë™í–‰ì¬í™œë³‘ì›ï½œ ì¶œí‡´ê·¼ ì‹œê°„ì´ ë‹¬ë¼ë„ ê·¼ë¬´ ê´€ë¦¬ê°€ ê°„í¸í•´ìš”,https://library.gabia.com/contents/groupware/12671/
17,ë¯¸ìŠ¤í„°í”¼ì | ë¬´ì œí•œ ìš©ëŸ‰ ë©”ì¼ë¡œ ì—…ë¬´ í™˜ê²½ì´ í¸í•´ì¡Œì–´ìš”,https://library.gabia.com/contents/groupware/12621/
18,"ê·¸ë£¹ì›¨ì–´ ì‚¬ìš©í•  ë•Œ, ìš©ëŸ‰ì´ ë¶€ì¡±í•˜ë‹¤ë©´?",https://library.gabia.com/contents/groupware/12615/
19,í•˜ì´ì›ìŠ¤ VS ë‹¤ìš°ì˜¤í”¼ìŠ¤ ê·¸ë£¹ì›¨ì–´ ë¹„êµ 3í¸,https://library.gabia.com/contents/groupware/12593/
20,í•˜ì´ì›ìŠ¤ VS ë‹¤ìš°ì˜¤í”¼ìŠ¤ ê·¸ë£¹ì›¨ì–´ ë¹„êµ 2í¸,https://library.gabia.com/contents/groupware/12575/
21,í•˜ì´ì›ìŠ¤ VS ë‹¤ìš°ì˜¤í”¼ìŠ¤ ê·¸ë£¹ì›¨ì–´ ë¹„êµ 1í¸,https://library.gabia.com/contents/groupware/12543/
22,ë¯¸ë¶€í…Œí¬(ì£¼) | ëˆ„êµ¬ë‚˜ ì‰½ê²Œ ì‹œì‘í•  ìˆ˜ ìˆì–´ìš”,https://library.gabia.com/contents/groupware/12514/
23,ë¬´ì˜ì”¨ì— ê±´ì¶•ì‚¬ì‚¬ë¬´ì†Œ | ì†Œí†µì´ ììœ ë¡œì›Œì¡Œì–´ìš”,https://library.gabia.com/contents/groupware/12489/
24,ì„œìš¸ì„œë¶€ê·¼ë¡œìê±´ê°•ì„¼í„° | ê·¼ë¬´ê´€ë¦¬ê°€ ì‰¬ì›Œì¡Œì–´ìš”,https://library.gabia.com/contents/groupware/12447/
25,"ë„ë©”ì¸ìœ¼ë¡œ ë§ˆì¼€íŒ… íš¨ê³¼ ëˆ„ë¦¬ëŠ” ë²•, New gTLD ë“±ë¡í•˜ê¸°!",https://library.gabia.com/contents/domain/12430/
26,ì „ìì„¸ê¸ˆê³„ì‚°ì„œ ê°€ì‚°ì„¸ì™€ ê°„í¸í•œ ë°œê¸‰ ë°©ë²• ê¿€íŒ,https://library.gabia.com/contents/groupware/12403/
27,AWS ë³´ì•ˆ ê°€ì´ë“œ â‘¥ ëˆ„êµ°ê°€ í´ë¼ìš°ë“œ ê³„ì •ì— ë¬´ë‹¨ìœ¼ë¡œ ì ‘ì†í•œ ê±° ê°™ë‹¤ë©´?!,https://library.gabia.com/contents/12385/
28,"ì „ìì„¸ê¸ˆê³„ì‚°ì„œ ì˜ë¬´ë°œí–‰ ëŒ€ìƒì, ë°œê¸‰ê¸°í•œ ì´ì •ë¦¬",https://library.gabia.com/contents/groupware/12304/
29,"AWS ë³´ì•ˆ ê°€ì´ë“œ â‘¤ AWS ë³´ì•ˆ í•„ìˆ˜ ìš”ì†Œ ë¡œê·¸, â€˜ì—¬ê¸°â€™ì„œ ì„¤ì •í•˜ì„¸ìš”!",https://library.gabia.com/contents/12283/
30,"ë‹¹ì‹ ì˜ ì„œë²„, DDoS ê³µê²©ìœ¼ë¡œë¶€í„° ì•ˆë…•í•˜ì‹ ê°€ìš”?",https://library.gabia.com/contents/infrahosting/12266/
31,"ì›ê²©ê·¼ë¬´í•˜ëŠ” ì§ì›ë“¤ ì˜ì‹¬í•˜ëŠ” ë‚˜, ë¹„ì •ìƒì¸ê°€ìš”? DaaS â‘ ",https://library.gabia.com/contents/infrahosting/12240/
32,AWS ë³´ì•ˆ ê°€ì´ë“œ â‘£ IAM ë¡œê·¸ì¸â€¦ ë°˜ë“œì‹œ â€˜ì´ê²ƒâ€™ í•´ì•¼ í•œë‹¤?,https://library.gabia.com/contents/12220/
33,"ì¬í•´ ë³µêµ¬(DR), ê¸°ì—…ì„ ì§€í‚¤ëŠ” ê°€ì¥ í™•ì‹¤í•œ ë°©ë²•",https://library.gabia.com/contents/infrahosting/12209/
34,AWS ë³´ì•ˆ ê°€ì´ë“œ â‘¢ AWS ìš”ê¸ˆ í­íƒ„ì„ í”¼í•˜ëŠ” ë²•!,https://library.gabia.com/contents/12168/
35,"ë§¤ë‹¬ ëŒì•„ì˜¤ëŠ” ê¸‰ì—¬ëª…ì„¸ì„œ êµë¶€, ì´ë²ˆ ë‹¬ì€ ì‰½ê²Œ í•˜ê³  ì‹¶ë‹¤ë©´?",https://library.gabia.com/contents/groupware/12125/
36,í´ë¼ìš°ë“œ ë„¤ì´í‹°ë¸Œ ì •ì˜ë¶€í„° ì‚¬ë¡€ê¹Œì§€.zip,https://library.gabia.com/contents/infrahosting/12091/
37,"AWS ë³´ì•ˆ ê°€ì´ë“œ â‘¡ ì§€ê¸ˆ ì‚¬ìš©í•˜ëŠ” ë¹„ë°€ë²ˆí˜¸, ì–¼ë§ˆë‚˜ ì•ˆì „í• ê¹Œ?",https://library.gabia.com/contents/12067/
38,"ê°€ë¹„ì•„, êµ­ë‚´ ìµœì´ˆ ê³µê³µ ì „ìš© DaaS CSAP 1í˜¸ ì¸ì¦ íšë“!ğŸ¥‡",https://library.gabia.com/contents/infrahosting/12046/
39,AWS ë³´ì•ˆ ê°€ì´ë“œ â‘  AWS ê³„ì •ì´ í•´í‚¹ëëŠ”ë° AWS ì±…ì„ì´ ì•„ë‹ˆë¼ê³ ìš”?,https://library.gabia.com/contents/12024/
40,ë°ì´í„° ë°±ì—…ìœ¼ë¡œ 24ì‹œê°„ ë¬¼ë¥˜ IT ì„œë¹„ìŠ¤ë¥¼ ìš´ì˜í•©ë‹ˆë‹¤,https://library.gabia.com/contents/11971/
41,"AWS ë§ˆì´ê·¸ë ˆì´ì…˜, ì‡¼í•‘ëª° ì†ë„ì™€ ì•ˆì •ì„± ëª¨ë‘ ì¡ì•˜ìŠµë‹ˆë‹¤",https://library.gabia.com/contents/11952/
42,SSL ì¸ì¦ì„œ ì™œ í•„ìš”í• ê¹Œ?,https://library.gabia.com/contents/11920/
43,í˜‘ì—…íˆ´ì—ì„œ ë¹ ì§ˆ ìˆ˜ ì—†ëŠ” íŒŒì¼ ê³µìœ  ê¸°ëŠ¥,https://library.gabia.com/contents/groupware/11906/
44,í´ë¼ìš°ë“œ ì„œë²„ ìš”ê¸ˆ í­íƒ„? ì˜ˆë°© ë°©ë²• ì•Œì•„ë³´ê¸°,https://library.gabia.com/contents/infrahosting/11859/
45,ë³´ì•ˆ êµ¬ì¶•ì´ ëœ ì‚¬ì´íŠ¸ì¸ì§€ í™•ì¸í•˜ëŠ” ë°©ë²•!,https://library.gabia.com/contents/11850/
46,"ëŒ€ì´ì§ ì‹œëŒ€, ë©”ì¼ ì•„ì¹´ì´ë¹™ìœ¼ë¡œ ì—…ë¬´ ê³µë°± ëŒ€ë¹„í•˜ê¸°",https://library.gabia.com/contents/groupware/11828/
47,"í˜‘ì—…íˆ´, ëª¨ë‘ì˜ ìŠ¤ì¼€ì¤„ì„ íŒŒì•…í•˜ëŠ” ì§„ì§œ í˜‘ì—… ë°©ë²•",https://library.gabia.com/contents/groupware/11814/
48,"ëŒì•„ì˜¨ ì‚¬ë¬´ì‹¤, ê·¸ë£¹ì›¨ì–´ë¡œ íšŒì˜ì‹¤ ì¡ê¸°",https://library.gabia.com/contents/groupware/11792/
49,"ì „ìê²°ì¬, ë¬¸ì„œì²  ì‘ì—…ì—ì„œ ë²—ì–´ë‚˜ëŠ” ë°©ë²•",https://library.gabia.com/contents/groupware/11774/
50,í•µì‹¬ì‚°ì—… í´ë¼ìš°ë“œ í”Œë˜ê·¸ì‹­ í”„ë¡œì íŠ¸ í•µì‹¬ì •ë¦¬,https://library.gabia.com/contents/infrahosting/11729/
51,"ì „ìê²°ì¬, í˜ì´í¼ë¦¬ìŠ¤ 2.0 ì‹œëŒ€ë¡œ í–¥í•˜ëŠ” ë°©ë²•",https://library.gabia.com/contents/groupware/11713/
52,"ê¸°ì—…ë©”ì‹ ì €, ì±„íŒ…ê³¼ ìª½ì§€ë„ ê¸°ì—…ì˜ ìì‚°?!",https://library.gabia.com/contents/groupware/11696/
53,"ê¸°ì—…ë©”ì‹ ì €, ì—…ë¬´ ìŠ¤íƒ€ì¼ì— ë”± ë§ê²Œ ì„¤ì •",https://library.gabia.com/contents/groupware/11687/
54,ê¸°ì—…ë©”ì‹ ì €ë¡œ ì¡°ì§ì˜ ì—…ë¬´ ìŠ¤íŠ¸ë ˆìŠ¤ ì¤„ì´ëŠ” ë°©ë²•,https://library.gabia.com/contents/groupware/11645/
55,í´ë¼ìš°ë“œ ë„ì… ì‹œ MSP ì„ ì • ê¸°ì¤€ 3ê°€ì§€,https://library.gabia.com/contents/infrahosting/11598/
56,"í´ë¼ìš°ë“œ, ì†í•´ ì•ˆ ë³´ê³  ì œëŒ€ë¡œ ì“°ë ¤ë©´? â‘¢ - í´ë¼ìš°ë“œ êµ¬ì„± ë°©ì‹",https://library.gabia.com/contents/infrahosting/11540/
57,ì „ë¬¸ ë¹„ì¦ˆë‹ˆìŠ¤ ì»¨ì„¤íŒ…ì´ 0ì›? - í´ë¼ìš°ë“œ ì»¨ì„¤íŒ… ì§€ì› ì‚¬ì—…,https://library.gabia.com/contents/infrahosting/11505/
58,ê·¸ë£¹ì›¨ì–´ ì „ìê²°ì¬ë¡œ ESG ê²½ì˜ì´ ê°€ëŠ¥í•˜ë‹¤?!,https://library.gabia.com/contents/groupware/11520/
59,"ê³µê³µ í´ë¼ìš°ë“œ í•„ìˆ˜ ê´€ë¬¸, CSAP SaaS ë³´ì•ˆ ì¸ì¦",https://library.gabia.com/contents/infrahosting/11486/
60,"í´ë¼ìš°ë“œ, ì†í•´ ì•ˆ ë³´ê³  ì œëŒ€ë¡œ ì“°ë ¤ë©´? â‘¡ - ê³ ê°€ìš©ì„± ê¸°ëŠ¥ë“¤",https://library.gabia.com/contents/infrahosting/11395/
61,ê¸°ì—…ë©”ì¼ ê´€ë¦¬ë¡œ íš¨ìœ¨ì„±ê³¼ ë³´ì•ˆì„± ë‘˜ ë‹¤ ì¡ê¸°,https://library.gabia.com/contents/groupware/11363/
62,MSPë€? í´ë¼ìš°ë“œ ë„ì… ì „ ë°˜ë“œì‹œ ì•Œì•„ì•¼ í•  ì‚¬ì‹¤,https://library.gabia.com/contents/infrahosting/11317/
63,"í´ë¼ìš°ë“œ, ì†í•´ ì•ˆ ë³´ê³  ì œëŒ€ë¡œ ì“°ë ¤ë©´? - ê³ ê°€ìš©ì„± ê°œë…ê³¼ ì¤‘ìš”ì„±",https://library.gabia.com/contents/infrahosting/11277/
64,"ê¸°ì—… ë©”ì‹ ì €ê°€ ì£¼ëŠ” ì¬íƒê·¼ë¬´ ê¿€ë§›, ë³´ì•ˆì—ì„  ì“´ë§›?!",https://library.gabia.com/contents/groupware/11249/
65,1ì–µ ì›ì˜ ì£¼ì¸ê³µì„ ì°¾ëŠ”ë‹¤ê³ ? - KDB ìŠ¤íƒ€íŠ¸ì—… í”„ë¡œê·¸ë¨,https://library.gabia.com/contents/infrahosting/11209/
66,í˜‘ì—…íˆ´ì—ì„œ í™”ìƒíšŒì˜ëŠ” ì´ì œ í•„ìˆ˜?,https://library.gabia.com/contents/groupware/11188/
67,ê·¸ë£¹ì›¨ì–´ë„ í´ë¼ìš°ë“œê°€ ëŒ€ì„¸?!,https://library.gabia.com/contents/groupware/11143/
68,"ì•ˆì—ì„œ ìƒˆëŠ” ê¸°ì—…ë©”ì¼ ì •ë³´, ì‚¬ì „ì°¨ë‹¨ ë°©ë²•",https://library.gabia.com/contents/groupware/11086/
69,ë°ì´í„° êµ¬ë§¤ë¹„ 80%ë¥¼ ëŒ€ì‹  ë‚´ì¤€ë‹¤? - ë°ì´í„°ë°”ìš°ì²˜ ì§€ì› ì‚¬ì—…,https://library.gabia.com/contents/infrahosting/10971/
70,"ê¸°ì—…ë©”ì¼, ì‹ ë¢°ê°€ ì—†ì„ìˆ˜ë¡ ì•ˆì „í•˜ë‹¤?",https://library.gabia.com/contents/groupware/10924/
71,'ë‹¤ì¤‘ ì¸ì¦(MFA)'ì´ë€? ë¹„ë°€ë²ˆí˜¸ ë¯¿ì§€ ë§ˆì„¸ìš”!,https://library.gabia.com/contents/infrahosting/10898/
72,â€˜í•œêµ­ì˜ ì‹¤ìˆ˜â€™ë¼ ë¶ˆë¦¬ëŠ” ì§€ì› ì‚¬ì—… - íŒìŠ¤(TIPS) í”„ë¡œê·¸ë¨,https://library.gabia.com/contents/infrahosting/10593/
73,"ì „ìì„¸ê¸ˆê³„ì‚°ì„œ ì˜ë¬´ ë°œê¸‰ ëŒ€ìƒì, 2023ë…„ì— ë˜ í™•ëŒ€ëœë‹¤?",https://library.gabia.com/contents/groupware/10762/
74,ì„¸ê¸ˆê³„ì‚°ì„œ ìˆ˜ì • ë°œê¸‰ ê¸°í•œì´ ëŠ˜ì–´ë‚¬ë‹¤ê³ ?,https://library.gabia.com/contents/groupware/10619/
75,"ê³ ë‚œì˜ 7ì›” ì—°ì°¨ì‚¬ìš©ì´‰ì§„, ê°„ë‹¨í•˜ê²Œ ëë‚´ê¸°",https://library.gabia.com/contents/groupware/10598/
76,â€œ100ë§Œ ì› ë“œë¦½ë‹ˆë‹¤â€ ì „ìì„¸ê¸ˆê³„ì‚°ì„œ ì„¸ì•¡ ê³µì œ ì•Œì•„ë³´ê¸°,https://library.gabia.com/contents/groupware/10503/
77,"í´ë¼ìš°ë“œ ì»´í“¨íŒ…ì˜ ì¢…ë¥˜, DaaSë€?",https://library.gabia.com/contents/infrahosting/10517/
78,"ì¸í„°ë„· ìµìŠ¤í”Œë¡œëŸ¬ ì—†ì´ ì¼í•  ì¤€ë¹„, ë˜ì…¨ë‚˜ìš”?",https://library.gabia.com/contents/groupware/10459/
79,ì „ìì„¸ê¸ˆê³„ì‚°ì„œ ì˜ë¬´ ë°œê¸‰ ëŒ€ìƒìê°€ ëŠ˜ì–´ë‚¬ë‹¤ê³ ?,https://library.gabia.com/contents/groupware/10440/
80,ì „ìì„¸ê¸ˆê³„ì‚°ì„œì˜ ì‘ì„±ì¼ìëŠ” â€˜ì‘ì„±í•˜ëŠ” ë‚ ì§œâ€™ê°€ ì•„ë‹ˆë‹¤?,https://library.gabia.com/contents/groupware/10374/
81,"ê°€ë¹„ì•„, 2021 í´ë¼ìš°ë“œ ì‚°ì—…ëŒ€ìƒ 'ì¥ê´€ìƒ' ìˆ˜ìƒ",https://library.gabia.com/contents/infrahosting/10347/
82,2022ë…„ ê°€ë¹„ì•„ ë‹¬ë ¥ ì„¸íŠ¸ ê°œë´‰ê¸°,https://library.gabia.com/contents/inside/10313/
83,ë‚´êµ­ì‹ ìš©ì¥ì´ ê°œì„¤ë˜ì—ˆë‹¤ë©´? ì „ìì„¸ê¸ˆê³„ì‚°ì„œ ìˆ˜ì • ë°œê¸‰ 4,https://library.gabia.com/contents/groupware/10281/
84,"2022ë…„ ê³µíœ´ì¼ ì´ 67ì¼, ì§ì¥ì¸ì´ë¼ë©´ ëª¨ë“  ê³µíœ´ì¼ì— ì‰´ê¹Œ?",https://library.gabia.com/contents/groupware/10258/
85,ë°˜í’ˆë˜ê±°ë‚˜ ê³„ì•½ì´ ì·¨ì†Œë˜ì—ˆë‹¤ë©´? ì „ìì„¸ê¸ˆê³„ì‚°ì„œ ìˆ˜ì • ë°œê¸‰ 3,https://library.gabia.com/contents/groupware/10213/
86,"ì¼ê³¼ ì‚¶ì„ ë¶„ë¦¬í•˜ëŠ” ë°©ë²•, ê¸°ì—… ë©”ì‹ ì €",https://library.gabia.com/contents/groupware/10188/
87,ê³µê¸‰ê°€ì•¡ì´ ë‹¬ë¼ì¡Œë‹¤ë©´? ì „ìì„¸ê¸ˆê³„ì‚°ì„œ ìˆ˜ì • ë°œê¸‰ 2,https://library.gabia.com/contents/groupware/10101/
88,"ê¸°ì—… ë©”ì¼ì´ë€? â€“ ì •ì˜, í•„ìš”ì„±, ë„ì… ë°©ë²• ì•Œì•„ë³´ê¸°",https://library.gabia.com/contents/groupware/10073/
89,ì‹¤ìˆ˜ë¡œ ì‘ì„±ì¼ìë¥¼ ì˜ëª» ì ì—ˆë‹¤ë©´? ì „ìì„¸ê¸ˆê³„ì‚°ì„œ ìˆ˜ì • ë°œê¸‰ 1,https://library.gabia.com/contents/groupware/9997/
90,"í˜‘ì—… íˆ´ì´ë€? - ì •ì˜, ì¥ë‹¨ì  ì•Œì•„ë³´ê¸°",https://library.gabia.com/contents/groupware/9969/
91,ì „ìì„¸ê¸ˆê³„ì‚°ì„œëŠ” ì·¨ì†Œë‚˜ ì‚­ì œê°€ ë¶ˆê°€ëŠ¥í•˜ë‹¤? ìˆ˜ì • ë°œê¸‰ ì•Œì•„ë³´ê¸°,https://library.gabia.com/contents/groupware/9843/
92,"ê·¸ë£¹ì›¨ì–´ë€? - ì •ì˜, í•„ìš”ì„±, ì¢…ë¥˜ ì•Œì•„ë³´ê¸°",https://library.gabia.com/contents/groupware/9823/
93,ì „ìì„¸ê¸ˆê³„ì‚°ì„œ ë°œê¸‰ê³¼ ì „ì†¡ì€ ë‹¤ë¥´ë‹¤? ê°€ì‚°ì„¸ ì•Œì•„ë³´ê¸° 2,https://library.gabia.com/contents/groupware/9675/
94,ê¸°ì—… ë‹´ë‹¹ìê°€ ê¼­ ì•Œì•„ì•¼ í•˜ëŠ” 'ì£¼ 52ì‹œê°„'ì˜ 3ê°€ì§€ ì˜ë¯¸,https://library.gabia.com/contents/groupware/9590/
95,ì „ìì„¸ê¸ˆê³„ì‚°ì„œë¥¼ ëŠ¦ê²Œ ë°œê¸‰í–ˆë‹¤ë©´? ê°€ì‚°ì„¸ ì•Œì•„ë³´ê¸° 1,https://library.gabia.com/contents/groupware/9521/
96,ë§í•˜ëŠ” ì¡°ì§ì´ ì†Œí†µí•˜ëŠ” ë°©ë²•,https://library.gabia.com/contents/groupware/9435/
97,ê¸°ì—…ì´ ê°œì¸ìš© ë©”ì‹ ì €ë¥¼ ì“°ì§€ ì•ŠëŠ” 3ê°€ì§€ ì´ìœ ,https://library.gabia.com/contents/groupware/9395/
98,ì„œë²„í˜¸ìŠ¤íŒ… vs í´ë¼ìš°ë“œ ì„œë²„ vs ë² ì–´ë©”íƒˆ ì„œë²„ ë¹„êµ,https://library.gabia.com/contents/infrahosting/9335/
99,ë¹„ì¦ˆë‹ˆìŠ¤ì— ìµœì í™” ëœ ì„œë²„ ì„ íƒ ë°©ë²•,https://library.gabia.com/contents/infrahosting/9320/
100,ë² ì–´ë©”íƒˆ ì„œë²„(Bare Metal Server)ë€?,https://library.gabia.com/contents/infrahosting/9300/
101,2021ë…„ ê·¸ë£¹ì›¨ì–´ íŠ¸ë Œë“œ ì „ë§,https://library.gabia.com/contents/groupware/9280/
102,2021ë…„ ì£¼ìš” ì‚¬ì´ë²„ ë³´ì•ˆ ìœ„í˜‘ ì˜ˆì¸¡,https://library.gabia.com/contents/9266/
103,"íŒŒì´ì¬(Python) ë°”ë¡œ ì•Œê¸° - íŠ¹ì§•, ì¥ì , í™œìš© ì‚¬ë¡€",https://library.gabia.com/contents/9256/
104,BeautifulSoupì™€ requestsë¡œ ì›¹ íŒŒì‹±í•´ë³´ê¸° - íŒŒì´ì¬ ì‹¤ìŠµ,https://library.gabia.com/contents/9239/
105,ERP íšŒê³„ê²½ì˜ê´€ë¦¬ ì•Œì•„ë³´ê¸°,https://library.gabia.com/contents/9234/
106,ERP ë„ì… ì‹œ ê³ ë ¤ì‚¬í•­,https://library.gabia.com/contents/9231/
107,ë¹„ì¦ˆë‹ˆìŠ¤ì— ERPê°€ í•„ìš”í•œ ì´ìœ ,https://library.gabia.com/contents/9228/
108,ERPë€? ERPì˜ ê°œë… ë° ë„ì… í˜„í™©,https://library.gabia.com/contents/9225/
109,ì–¸íƒíŠ¸ ì‹œëŒ€ì˜ ê¸°ì—… ë©”ì¼ì´ ì¤‘ìš”í•œ ì´ìœ ,https://library.gabia.com/contents/groupware/9200/
110,í¬ìŠ¤íŠ¸ ì½”ë¡œë‚˜ ì‹œëŒ€ì˜ í´ë¼ìš°ë“œ,https://library.gabia.com/contents/infrahosting/9177/
111,í´ë¼ìš°ë“œ í”Œë«í¼ê³¼ ë§ˆì´í¬ë¡œì„œë¹„ìŠ¤,https://library.gabia.com/contents/infrahosting/9154/
112,"í¼ë¸”ë¦­ í´ë¼ìš°ë“œ, í”„ë¼ì´ë¹— í´ë¼ìš°ë“œ, í•˜ì´ë¸Œë¦¬ë“œ í´ë¼ìš°ë“œ",https://library.gabia.com/contents/infrahosting/9147/
113,í´ë¼ìš°ë“œ ë§ˆì´ê·¸ë ˆì´ì…˜ ì „ëµ ì•Œì•„ë³´ê¸°,https://library.gabia.com/contents/infrahosting/7705/
114,í´ë¼ìš°ë“œ vs ì›¹í˜¸ìŠ¤íŒ… vs ì„œë²„í˜¸ìŠ¤íŒ… êµ¬ë¶„,https://library.gabia.com/contents/infrahosting/9118/
115,ë§ˆì´ë°ì´í„°ë€ ë¬´ì—‡ì¸ê°€,https://library.gabia.com/contents/infrahosting/9142/
116,"í´ë¼ìš°ë“œì— ì €ì¥ëœ ê°œì¸ì •ë³´, ì–´ë–¤ ë¬¸ì œê°€ ìˆì„ê¹Œ",https://library.gabia.com/contents/infrahosting/9136/
117,"í´ë¼ìš°ë“œ ì»´í“¨íŒ…ì˜ ì¢…ë¥˜, SaaSë€?",https://library.gabia.com/contents/infrahosting/9123/
118,ê¸°ì—…ì´ í•˜ì´ë¸Œë¦¬ë“œ í´ë¼ìš°ë“œë¥¼ ì£¼ëª©í•˜ëŠ” ì´ìœ ,https://library.gabia.com/contents/infrahosting/7495/
119,"í´ë¼ìš°ë“œë€ ë¬´ì—‡ì¸ê°€ - ê°œë…, ì¥ì , ì„œë¹„ìŠ¤ êµ¬ë¶„",https://library.gabia.com/contents/infrahosting/9114/
120,"í´ë¼ìš°ë“œ ì»´í“¨íŒ…ì˜ ì¢…ë¥˜, PaaSë€?",https://library.gabia.com/contents/infrahosting/9105/
121,"í´ë¼ìš°ë“œ ì»´í“¨íŒ…ì˜ ì¢…ë¥˜, IaaSë€?",https://library.gabia.com/contents/infrahosting/9097/
122,í´ë¼ìš°ë“œ DB ì•”í˜¸í™” ë„ì…/êµ¬ì¶• íŒ,https://library.gabia.com/contents/infrahosting/9071/
123,í´ë¼ìš°ë“œ ìŠ¤ëƒ…ìƒ·ì´ë€?,https://library.gabia.com/contents/infrahosting/9063/
124,í´ë¼ìš°ë“œ ë°±ì—…ì´ë€?,https://library.gabia.com/contents/infrahosting/9064/
125,[í´ë¼ìš°ë“œ ì´í•´] CDN ì•„í‚¤í…ì²˜,https://library.gabia.com/contents/infrahosting/9051/
126,í´ë¼ìš°ë“œ ìŠ¤í† ë¦¬ì§€ ì¢…ë¥˜(íŒŒì¼/ë¸”ë¡/ê°ì²´ ìŠ¤í† ë¦¬ì§€),https://library.gabia.com/contents/infrahosting/9026/
127,SSH ëª…ì¹­ë¶€í„° ì ‘ì†ê¹Œì§€ í•œ ë²ˆì— ì´í•´í•˜ê¸° 2,https://library.gabia.com/contents/infrahosting/9008/
128,SSH ëª…ì¹­ë¶€í„° ì ‘ì†ê¹Œì§€ í•œ ë²ˆì— ì´í•´í•˜ê¸° 1,https://library.gabia.com/contents/infrahosting/9002/
129,í´ë¼ìš°ë“œ DB ì•”í˜¸í™”ë€?,https://library.gabia.com/contents/infrahosting/8977/
130,[í´ë¼ìš°ë“œ ì´í•´] CDNì´ë€?,https://library.gabia.com/contents/infrahosting/8985/
131,[í´ë¼ìš°ë“œ ì´í•´] ìŠ¤ëƒ…ìƒ·ê³¼ ë°±ì—…ì˜ ì°¨ì´ì ,https://library.gabia.com/contents/infrahosting/8976/
132,í´ë¼ìš°ë“œ ë„ì…ìœ¼ë¡œ ì „ ì„¸ê³„ 60ë§Œ íšŒì›ê³¼ ì†Œí†µí•©ë‹ˆë‹¤,https://library.gabia.com/contents/8946/
133,"AWS ì „í™˜, ì¤‘ê³ ì°¨ í”Œë«í¼ ìœ ì§€ ë³´ìˆ˜ ë¦¬ì†ŒìŠ¤ë¥¼ ì¤„ì˜€ìŠµë‹ˆë‹¤",https://library.gabia.com/contents/8936/
134,AWS Elastic File System ì•Œì•„ë³´ê¸°,https://library.gabia.com/contents/8928/
135,"AWS CloudFront ì˜¤ë¥˜ í˜ì´ì§€ ì„¤ì • (with EC2, S3)",https://library.gabia.com/contents/tech/8921/
136,"Private Windows ì›ê²© ì ‘ì† ë°©ë²•(AWS Putty, Linux Bastion EC2)",https://library.gabia.com/contents/tech/8912/
137,AWS Time Sync Service êµ¬ì„±,https://library.gabia.com/contents/tech/8905/
138,AWS Private Link(with S3),https://library.gabia.com/contents/8894/
139,AWS Network ACLê³¼ Security Group ì°¨ì´ì ,https://library.gabia.com/contents/8892/
140,Region ê°„ VPC Peeringí•˜ê¸°,https://library.gabia.com/contents/tech/8881/
141,VPC Flow Logs ì•Œì•„ë³´ê¸°,https://library.gabia.com/contents/tech/8871/
142,Amazon DLMìœ¼ë¡œ EBS ìŠ¤ëƒ…ìƒ· ê´€ë¦¬ ìë™í™”í•˜ëŠ” ë°©ë²•,https://library.gabia.com/contents/8850/
143,Amazon EBSë¥¼ ì—¬ëŸ¬ EC2ì— ì—°ê²°í•˜ëŠ” ë°©ë²•,https://library.gabia.com/contents/tech/8848/
144,êµ­ë‚´ ê·¸ë£¹ì›¨ì–´ì‚¬ ì „ìì„¸ê¸ˆê³„ì‚°ì„œ ìƒí’ˆ ë¹„êµí•˜ê¸°,https://library.gabia.com/contents/groupware/8836/
145,íš¨ìœ¨ì ì¸ ê³„ì‚°ì„œ ì—…ë¬´ ìˆ˜í–‰í•˜ê¸°,https://library.gabia.com/contents/groupware/8818/
146,[ê¸°ê³ ] ì½”ë¡œë‚˜ç™¼ í´ë¼ìš°ë“œ íŒ¨ëŸ¬ë‹¤ì„ (1),https://library.gabia.com/contents/infrahosting/8793/
147,[ê¸°ê³ ] ì½”ë¡œë‚˜ç™¼ í´ë¼ìš°ë“œ íŒ¨ëŸ¬ë‹¤ì„ (2),https://library.gabia.com/contents/infrahosting/8803/
148,êµ­ë‚´ ê·¸ë£¹ì›¨ì–´ 5ê°œì‚¬ ë¹„êµí•˜ê¸° _ë¶€ê°€ ì„œë¹„ìŠ¤/ê³ ê° ì§€ì›í¸,https://library.gabia.com/contents/groupware/8778/
149,êµ­ë‚´ ê·¸ë£¹ì›¨ì–´ 5ê°œì‚¬ ë¹„êµí•˜ê¸°_ê¸°ëŠ¥í¸,https://library.gabia.com/contents/groupware/8768/
150,êµ­ë‚´ ê·¸ë£¹ì›¨ì–´ 5ê°œì‚¬ ë¹„êµí•˜ê¸°_ìƒí’ˆ/ê°€ê²©í¸,https://library.gabia.com/contents/groupware/8759/
151,ìŠ¬ê¸°ë¡œìš´ ìœ ì—°ê·¼ë¬´ì œ ì •ë¶€ ì§€ì›ê¸ˆ ì‹ ì²­í•˜ê¸°,https://library.gabia.com/contents/groupware/8708/
152,ì •ë¶€ ì§€ì›ê¸ˆ ë°›ëŠ” ìœ ì—°ê·¼ë¬´ì œ ë„ì…í•˜ê¸°,https://library.gabia.com/contents/groupware/8684/
153,"ê°€ë¹„ì•„ í´ë¼ìš°ë“œ, ê³ ê° ì¶©ì„±ë„ ëŒ€ìƒ ì‹œìƒì‹ ì°¸ê°€",https://library.gabia.com/contents/infrahosting/8653/
154,ì¬íƒê·¼ë¬´ë„ ì˜ˆì™¸ ì—†ëŠ” ê·¼íƒœ ê´€ë¦¬í•˜ê¸°,https://library.gabia.com/contents/8622/
155,ì§‘ì—ì„œë„ ê²°ì¬ ë¬¸ì„œ ê¸°ì•ˆí•˜ê¸°,https://library.gabia.com/contents/8613/
156,ê³µê°„ ì œì•½ ì—†ëŠ” ì»¤ë®¤ë‹ˆì¼€ì´ì…˜í•˜ê¸°,https://library.gabia.com/contents/8595/
157,ê°€ë¹„ì•„ í”„ë¡œì íŠ¸ íŒ€ TEAMS ì†Œê°œ,https://library.gabia.com/contents/8568/
158,husky ë¡œ git hook í•˜ì,https://library.gabia.com/contents/8492/
159,í™”ìƒíšŒì˜ë¡œ í˜‘ì—…í•˜ê¸°,https://library.gabia.com/contents/%ec%9e%ac%ed%83%9d%ea%b7%bc%eb%ac%b4/8546/
160,"ì¬íƒê·¼ë¬´, ìƒˆë¡œìš´ ê·¼ë¬´ íŒ¨ëŸ¬ë‹¤ì„ì˜ ì‹œëŒ€",https://library.gabia.com/contents/8531/
161,Laravelì— Modern í•˜ê²Œ DTO ì‚¬ìš©í•˜ê¸°,https://library.gabia.com/contents/8488/
162,"ê°€ë¹„ì•„, 2020 ë¸Œëœë“œ ê³ ê° ì¶©ì„±ë„ ëŒ€ìƒ ìˆ˜ìƒ",https://library.gabia.com/contents/infrahosting/8462/
163,"ì›ê²©ê·¼ë¬´ë¥¼ ê°€ëŠ¥ì¼€ í•˜ëŠ” ê¸°ìˆ , VPN",https://library.gabia.com/contents/security/8394/
164,[ì´ì Xí•˜ì´ì›ìŠ¤] ì´ì ì´ ì•Œë ¤ì£¼ëŠ” í•˜ì´ì›ìŠ¤ ê¸°ëŠ¥ ì•Œì•„ë³´ê¸°,https://library.gabia.com/contents/groupware/8385/
165,[ì´ì Xí•˜ì´ì›ìŠ¤] ê´‘ê³  ì´¬ì˜ ë¹„í•˜ì¸ë“œ ìŠ¤í† ë¦¬ ê³µê°œ,https://library.gabia.com/contents/groupware/8368/
166,REST API ê´€ì ì—ì„œ ë°”ë¼ë³´ëŠ” HTTP ìƒíƒœ ì½”ë“œ,https://library.gabia.com/contents/8346/
167,RESTful API ì„¤ê³„ ê°€ì´ë“œ,https://library.gabia.com/contents/8339/
168,PHPì™€ Node.js ë°”ë¡œ ì•Œê¸°,https://library.gabia.com/contents/8313/
169,"[Node.js] React.js vs Vue.js, ìë°”ìŠ¤í¬ë¦½íŠ¸ í”„ë ˆì„ì›Œí¬ ë¹„êµ",https://library.gabia.com/contents/8284/
170,í•˜ì´ì›ìŠ¤ ê·¸ë£¹ì›¨ì–´ ê³ ê°ì‚¬ë¡€: ë„ì›íšŒê³„ë²•ì¸,https://library.gabia.com/contents/groupware/8267/
171,Non Active Xë¡œ ë§Œë‚˜ëŠ” í•˜ì´ì›ìŠ¤ ì„¸ê¸ˆê³„ì‚°ì„œ,https://library.gabia.com/contents/groupware/8259/
172,ì¤‘ì†Œê¸°ì—…ì— ìµœì í™”ëœ AWS ë§¤ë‹ˆì§€ë“œ ì„œë¹„ìŠ¤ë¥¼ ê³ ë ¤í–ˆìŠµë‹ˆë‹¤,https://library.gabia.com/contents/8243/
173,"[ë³´ì•ˆë©”ì¼] DMARC, ë„ë©”ì¸ê¸°ë°˜ì´ë©”ì¼ì¸ì¦",https://library.gabia.com/contents/groupware/8235/
174,"[ë³´ì•ˆë©”ì¼] DKIM, ë„ë©”ì¸í‚¤ì¸ì¦ë©”ì¼",https://library.gabia.com/contents/groupware/8226/
175,"[ë³´ì•ˆë©”ì¼] SPF, ë©”ì¼ì„œë²„ë“±ë¡ì œ",https://library.gabia.com/contents/groupware/8218/
176,[Node.js] ì¸ê¸° NPM íŒ¨í‚¤ì§€ ì•Œì•„ë³´ê¸°,https://library.gabia.com/contents/8206/
177,í•œêµ­ ê¸°ì—…ì˜ ì „ìê²°ì¬ ë¬¸í™” ì•Œì•„ë³´ê¸°,https://library.gabia.com/contents/groupware/8055/
178,[Node.js] Socket.IOì™€ Redisë¥¼  í™œìš©í•œ ì±„íŒ… ì„œë²„ ê°œë°œ,https://library.gabia.com/contents/8018/
179,[Node.js] ê°œë°œ í™˜ê²½ ê°–ì¶”ê¸°: í…ìŠ¤íŠ¸ ì—ë””í„° ì†Œê°œ,https://library.gabia.com/contents/7989/
180,í´ë¼ìš°ë“œ ë³´ì•ˆì¸ì¦(CSAP) ì•Œì•„ë³´ê¸°,https://library.gabia.com/contents/infrahosting/7944/
181,[ì£¼52ì‹œê°„] ìœ ì—°ê·¼ë¬´ì œ ìš´ì˜í•˜ê¸°,https://library.gabia.com/contents/groupware/7923/
182,[ì£¼52ì‹œê°„] ì‚¬ì „ìŠ¹ì¸ìœ¼ë¡œ ì—°ì¥ê·¼ë¡œ ê´€ë¦¬í•˜ê¸°,https://library.gabia.com/contents/groupware/7892/
183,[ì£¼52ì‹œê°„] ì¶œí‡´ê·¼ ê¸°ë¡ê³¼ ê·¼ë¬´ì‹œê°„ ê´€ë¦¬í•˜ê¸°,https://library.gabia.com/contents/groupware/7887/
184,[ì£¼52ì‹œê°„] ì´ˆê³¼ê·¼ë¬´ìˆ˜ë‹¹ ê³„ì‚°í•˜ê¸°,https://library.gabia.com/contents/groupware/7872/
185,[ê°€ë¹„ì•„ ë‰´ìŠ¤] í•´ì™¸ ë””ìì´ë„ˆ ì´ˆì²­ ê°•ì—°,https://library.gabia.com/contents/inside/7848/
186,[ì£¼52ì‹œê°„] ë²•ì •ê·¼ë¡œì‹œê°„ ìš´ì˜ ì›ì¹™,https://library.gabia.com/contents/groupware/7834/
187,[ì£¼52ì‹œê°„] ê°œì • ê·¼ë¡œê¸°ì¤€ë²• ì•Œì•„ë³´ê¸°,https://library.gabia.com/contents/groupware/7822/
188,[ê°€ë¹„ì•„ ë‰´ìŠ¤] Innovation Solution Day 2019 í›„ê¸°,https://library.gabia.com/contents/groupware/7810/
189,ê¸°ì—…ë“¤ ë‚šëŠ” ë¬¸ì/ë©”ì¼ í”¼ì‹± ì‚¬ê¸°,https://library.gabia.com/contents/security/7788/
190,[ê°€ë¹„ì•„ ë‰´ìŠ¤] JSConf korea 2019 í›„ê¸°,https://library.gabia.com/contents/inside/7796/
191,ìŠ¤íŒ¸ ë©”ì¼ì˜ ì¢…ë¥˜ ë° ëŒ€ì²˜ ë°©ì•ˆ,https://library.gabia.com/contents/security/7767/
192,í˜‘ì—…ì—ì„œ ì •ë§ ì¤‘ìš”í•œ ê²ƒ,https://library.gabia.com/contents/groupware/7721/
193,"ëª¨ë‹ˆí„°ë§, ì´ì œëŠ” ì„ íƒì´ ì•„ë‹Œ í•„ìˆ˜!",https://library.gabia.com/contents/infrahosting/7748/
194,í•˜ì´ì›ìŠ¤ ê¸°ì´ˆ êµìœ¡ í›„ê¸°,https://library.gabia.com/contents/groupware/7739/
195,ì—…ë¬´ ìƒí™©ë³„ íš¨ê³¼ì ì¸ ì»¤ë®¤ë‹ˆì¼€ì´ì…˜ ìˆ˜ë‹¨,https://library.gabia.com/contents/groupware/7684/
196,ì½”ë”© ì—†ì´ ë§Œë“œëŠ” ë°˜ì‘í˜• í™ˆí˜ì´ì§€,https://library.gabia.com/contents/domain/7695/
197,í•˜ì´ì›ìŠ¤ ê·¸ë£¹ì›¨ì–´ ê³ ê°ì‚¬ë¡€: ë³´ê·¸ì¸í„°ë‚´ì…”ë‚ ,https://library.gabia.com/contents/groupware/7663/
198,í•˜ì´ì›ìŠ¤ API ì´ìš© ì‚¬ë¡€: ê·¸ë¦°ì¹´,https://library.gabia.com/contents/groupware/7637/
199,í•˜ì´ì›ìŠ¤ API ì´ìš© ì‚¬ë¡€: ì•„ì´í€˜ìŠ¤íŠ¸,https://library.gabia.com/contents/groupware/7630/
200,í•˜ì´ì›ìŠ¤ API ì´ìš© ì‚¬ë¡€: ì—ìŠ¤ì›,https://library.gabia.com/contents/groupware/7597/
201,í•˜ì´ì›ìŠ¤ API ì´ìš© ì‚¬ë¡€: ì‹ í•œì€í–‰,https://library.gabia.com/contents/groupware/7590/
202,"í´ë¼ìš°ë“œ í¼ìŠ¤íŠ¸ ì‹œëŒ€, ê¸°ì—…ì˜ í´ë¼ìš°ë“œ í™œìš© í˜„í™©ì€?",https://library.gabia.com/contents/infrahosting/7579/
203,"ì¹œì ˆí•œ ê¸°ìˆ  ì§€ì›ê³¼ ë³´ì•ˆ ê´€ì œ, ê°€ë¹„ì•„ AWSë¥¼ ì„ íƒí•œ ì´ìœ ì…ë‹ˆë‹¤",https://library.gabia.com/contents/7539/
204,Portainerë¡œ ë„ì»¤(Docker) ì‰½ê²Œ ì‚¬ìš©í•˜ê¸°!,https://library.gabia.com/contents/infrahosting/7503/
205,ì„œë²„ ê°€ìƒí™” ê¸°ìˆ ì˜ ì§„í™”: VMê³¼ ì»¨í…Œì´ë„ˆ,https://library.gabia.com/contents/infrahosting/7426/
206,í•˜ì´ì›ìŠ¤ ê·¸ë£¹ì›¨ì–´ ê³ ê°ì‚¬ë¡€: í˜œë¯¼ë³‘ì›,https://library.gabia.com/contents/groupware/7406/
207,í•˜ì´ì›ìŠ¤ ê·¸ë£¹ì›¨ì–´ ê³ ê°ì‚¬ë¡€: ì²œìš°ëª¨í„°ìŠ¤,https://library.gabia.com/contents/groupware/7401/
208,í˜‘ì—… íˆ´ì´ ë– ì˜¤ë¥´ëŠ” ì´ìœ ,https://library.gabia.com/contents/groupware/7389/
209,ì™œ ë©€í‹° í´ë¼ìš°ë“œê°€ í•„ìš”í•œê°€ìš”?,https://library.gabia.com/contents/infrahosting/7349/
210,ìŠ¹ì¸ë©”ì¼ë¡œ ë©”ì¼ ë°œì†¡ ì‹¤ìˆ˜ ì¤„ì´ê¸°,https://library.gabia.com/contents/groupware/7338/
211,ë¬´ì œí•œ ë©”ì¼ë¡œ ìš©ëŸ‰ ê±±ì • ì—†ì´ ê¸°ì—…ë©”ì¼ ì‚¬ìš©í•˜ê¸°,https://library.gabia.com/contents/groupware/7328/
212,ê°œì¸ë©”ì¼ë³´ë‹¤ ê¸°ì—…ë©”ì¼ì„ ì‚¬ìš©í•˜ë©´ ì¢‹ì€ì ,https://library.gabia.com/contents/groupware/7322/
213,ê¸°ì—…ë©”ì¼ ì£¼ìš” ê¸°ëŠ¥ ì•Œì•„ë³´ê¸°,https://library.gabia.com/contents/groupware/7304/
214,ìš°ë¦¬ íšŒì‚¬ì— ë”± ë§ëŠ” ê¸°ì—…ë©”ì¼ ë„ì…í•˜ê¸°,https://library.gabia.com/contents/groupware/7283/
215,"WWW 30ì£¼ë…„, ì›¹ì€ ì•„ì§ë„ ì—´ë¦° ê³µê°„ì¼ê¹Œ?",https://library.gabia.com/contents/infrahosting/7278/
216,"í•´ì»¤ì—ê² ë„ˆë¬´ë‚˜ ê°€ë²¼ìš´ í‘œì , ì¤‘ì†Œê¸°ì—…",https://library.gabia.com/contents/security/7263/
217,ì•ˆì „í•˜ê³  íš¨ìœ¨ì ì¸ ë°±ì—… ì „ëµ ì„¸ìš°ê¸°,https://library.gabia.com/contents/infrahosting/7241/
218,ë¹„ì¦ˆë‹ˆìŠ¤ ì—°ì†ì„±ì„ ì‹¤í˜„í•˜ëŠ” 'ë°±ì—…' ì´í•´í•˜ê¸°,https://library.gabia.com/contents/infrahosting/7224/
219,í˜‘ì—…ì„ ìœ„í•œ ì„±ê³µì ì¸ ë°ë¸Œì˜µìŠ¤(DevOps) í”„ë¡œì íŠ¸,https://library.gabia.com/contents/infrahosting/7212/
220,"í´ë¼ìš°ë“œ ì‹œëŒ€, ì—”ì§€ë‹ˆì–´ì˜ ì¬ì¡°ëª…",https://library.gabia.com/contents/infrahosting/7201/
221,í•˜ì´ì›ìŠ¤ê°€ ì´ì•¼ê¸°í•˜ëŠ” ë¹„ì¦ˆë‹ˆìŠ¤ ë©”ì¼ì˜ ì§„í™”,https://library.gabia.com/contents/groupware/7188/
222,"ê°€ë¹„ì•„ IDCì˜ í•µì‹¬, í†µí•©ê´€ì œì„¼í„°",https://library.gabia.com/contents/infrahosting/7149/
223,ë¹„ì¦ˆë‹ˆìŠ¤ì— í•„ìš”í•œ ITë¥¼ ì‰½ê²Œ ì‹œì‘í•˜ëŠ” ë°©ë²•,https://library.gabia.com/contents/infrahosting/7145/
224,SaaS í´ë¼ìš°ë“œì— ê¸°ì—… ë°ì´í„°ë¥¼ ë¯¿ê³  ë³´ê´€í•´ë„ ë ê¹Œ?,https://library.gabia.com/contents/infrahosting/7141/
225,"ë„ë©”ì¸ ë“±ë¡ì—…ì²´ ì„ ì •, ì´ë ‡ê²Œ í•˜ì„¸ìš”",https://library.gabia.com/contents/domain/3073/
226,ì¹´í†¡ ì—…ë¬´ì§€ì‹œë¥¼ í”¼í•˜ëŠ” ê¸°ì—…ìš© ë©”ì‹ ì € ì‚¬ìš©ë²•,https://library.gabia.com/contents/groupware/7107/
227,"ê¸°ì—…ì˜ ë³´ì•ˆ ìˆ˜ì¤€, ì–´ë–»ê²Œ ë†’ì¼ê¹Œ?",https://library.gabia.com/contents/infrahosting/5516/
228,[í•˜ì´ì›ìŠ¤ ê´‘ê³ ] ì´ìƒë¯¼ì˜ CF ì´¬ì˜ ë¹„í•˜ì¸ë“œìŠ¤í† ë¦¬ ê³µê°œ!,https://library.gabia.com/contents/groupware/5525/
229,ì›¹ì‚¬ì´íŠ¸ì—ì„œ ì£¼ê³ ë°›ëŠ” ì •ë³´ëŠ” ì–´ë–»ê²Œ ë³´í˜¸ë ê¹Œ?,https://library.gabia.com/contents/infrahosting/5483/
230,[íŠ¹ë³„ê¸°ê³ ] CPUì·¨ì•½ì  ì¢…í•©ë³´ê³ ì„œâ‘¢: Spectre Variant 2,https://library.gabia.com/contents/infrahosting/5465/
231,ë¦¬ëˆ…ìŠ¤ì—ì„œ ì‚¬ìš©í•˜ëŠ” MSSQL Server 2017,https://library.gabia.com/contents/infrahosting/5461/
232,ë§ˆì´í¬ë¡œì†Œí”„íŠ¸ SPLAì˜ ëª¨ë“  ê²ƒ,https://library.gabia.com/contents/infrahosting/5454/
233,MS SQL Server 2017 ë¼ì´ì„ ìŠ¤ êµ¬ë§¤ ë°©ë²•,https://library.gabia.com/contents/infrahosting/5448/
234,[íŠ¹ë³„ê¸°ê³ ] CPUì·¨ì•½ì  ì¢…í•©ë³´ê³ ì„œâ‘¡: MeltDownê³¼ Spectre Variant 1,https://library.gabia.com/contents/infrahosting/5425/
235,[íŠ¹ë³„ê¸°ê³ ] CPU ì·¨ì•½ì  ì¢…í•©ë³´ê³ ì„œ â‘ : ì·¨ì•½ì  ê¸°ë³¸ì›ë¦¬,https://library.gabia.com/contents/infrahosting/5412/
236,í˜¸ìŠ¤íŒ…ì—ì„œ ë³´ì•ˆì´ ì ì  ë” ì¤‘ìš”í•´ì§€ëŠ” ì´ìœ ,https://library.gabia.com/contents/infrahosting/5408/
237,"í”¼ì‹± ì‚¬ì´íŠ¸, ì œëŒ€ë¡œ ì•Œê³  ì˜ˆë°©í•˜ì„¸ìš”!",https://library.gabia.com/contents/security/5380/
238,ê°œì¸ì •ë³´ ìœ ì¶œì— ëŒ€ë¹„í•˜ëŠ” 3ê°€ì§€ ë°©ë²•,https://library.gabia.com/contents/infrahosting/5373/
239,PCì™€ ëª¨ë°”ì¼ì´ ì•…ì„±ì½”ë“œì— ê°ì—¼ë˜ëŠ” ì›ë¦¬,https://library.gabia.com/contents/infrahosting/5367/
240,ì¸íŠ¸ë¼ë„· ë³´ì•ˆì˜ ì•½ì ì€ APT! ëŒ€ì‘ ë°©ë²•ì€?,https://library.gabia.com/contents/infrahosting/5363/
241,ì—…ë¬´ì— í•„ìš”í•œ ëª¨ë“  ê¸°ëŠ¥ì„ ë‹´ì€ í•˜ì´ì›ìŠ¤,https://library.gabia.com/contents/groupware/5310/
242,ê·¸ë£¹ì›¨ì–´ ê¸°ëŠ¥ ì•Œì•„ë³´ê¸°: ì „ìê²°ì¬,https://library.gabia.com/contents/groupware/5263/
243,ê·¸ë£¹ì›¨ì–´ ê¸°ëŠ¥ ì•Œì•„ë³´ê¸°: ê²Œì‹œíŒ,https://library.gabia.com/contents/groupware/5278/
244,ê·¸ë£¹ì›¨ì–´ì˜ ìœ ë˜,https://library.gabia.com/contents/groupware/5256/
245,ê·¸ë£¹ì›¨ì–´ ë³´ì•ˆ,https://library.gabia.com/contents/groupware/5275/
246,ê·¸ë£¹ì›¨ì–´ êµ¬ì¶•í˜• VS ì„ëŒ€í˜•,https://library.gabia.com/contents/groupware/5257/
247,"ë¹„íŠ¸ì½”ì¸, í•´í‚¹ì„ ìœ„í•œ ê²€ì€ í™”íì¸ê°€ íš¨ìš©ì„± ìˆëŠ” ì‹ ê°œë… í™”íì¸ê°€?",https://library.gabia.com/contents/infrahosting/5205/
248,ì˜í™” ìë§‰íŒŒì¼ì—ë„ ëœì„¬ì›¨ì–´ê°€?,https://library.gabia.com/contents/infrahosting/5202/
249,ë¬´ì‹œí•˜ë©´ í°ì¼ë‚˜ëŠ” ë„ë©”ì¸ì˜ ê³¼ê±°,https://library.gabia.com/contents/domain/4965/
250,"ë°”ì´ëŸ¬ìŠ¤ë¶€í„° ëœì„¬ì›¨ì–´ê¹Œì§€, ìì£¼ ë‚˜íƒ€ë‚˜ëŠ” ì•…ì„±ì½”ë“œë“¤",https://library.gabia.com/contents/infrahosting/4961/
251,ë‚´ í™ˆí˜ì´ì§€ì— ë”± ë§ëŠ” ìƒ‰ê¹” ê³ ë¥´ê¸° íŒ,https://library.gabia.com/contents/domain/4945/
252,í˜¹ì‹œ ë‚´ PCê°€ ë°”ì´ëŸ¬ìŠ¤ì—? ì•…ì„±ì½”ë“œ ê°ì—¼ ì§•í›„ì™€ í•´ê²°ë²•,https://library.gabia.com/contents/security/4935/
253,"ë„ë©”ì¸ì— ëŒ€í•œ ì˜¤í•´, ë¬´ì—‡ì´ ìˆì„ê¹Œ?",https://library.gabia.com/contents/domain/4912/
254,.com ë„ë©”ì¸ì„ ì–»ëŠ” 5ê°€ì§€ ìŠ¤ë§ˆíŠ¸í•œ ë°©ë²•,https://library.gabia.com/contents/domain/4908/
255,ì›¹ë°©í™”ë²½ ì‰½ê²Œ ë¹„êµí•˜ê¸°,https://library.gabia.com/contents/infrahosting/4704/
256,ì˜¤í”¼ìŠ¤365ì™€ ì˜¤í”¼ìŠ¤2016ì€ ì–´ë–»ê²Œ ë‹¤ë¥¼ê¹Œ,https://library.gabia.com/contents/groupware/4523/
257,"ì˜¤í”¼ìŠ¤365ì˜ ì„¸ ì¢…ë¥˜ â€“ ê°€ì •ìš©, ë¹„ì¦ˆë‹ˆìŠ¤ìš©, ì—”í„°í”„ë¼ì´ì¦ˆìš©",https://library.gabia.com/contents/groupware/4529/
258,"ì˜¤í”¼ìŠ¤365, êµ¬ë§¤ëŠ” ì–´ë””ì„œ?",https://library.gabia.com/contents/groupware/4535/
259,"2016ë…„ ë„ë©”ì¸ ì—…ê³„ì˜ ìƒˆë¡œìš´ ë°”ëŒ, â€˜New gTLDâ€™",https://library.gabia.com/contents/domain/4469/
260,ë¦¬ëˆ…ìŠ¤ ë³´ì•ˆ ì´ìŠˆë¥¼ í•´ê²°í•˜ëŠ” 4ê°€ì§€ ë°©ë²•,https://library.gabia.com/contents/infrahosting/4461/
261,"ê²€ìƒ‰ì—”ì§„ ìµœì í™”(SEO), ê°€ì¥ íš¨ìœ¨ì ì¸ ë°©ë²•ì€?",https://library.gabia.com/contents/domain/4359/
262,"ë¯¿ì„ë§Œí•œ í˜¸ìŠ¤íŒ… ì—…ì²´, ì–´ë”” ì—†ì„ê¹Œ?",https://library.gabia.com/contents/infrahosting/4348/
263,ì¤‘ì†Œê¸°ì—…ì´ í´ë¼ìš°ë“œ ë„ì…ìœ¼ë¡œ ì ˆì•½í•  ìˆ˜ ìˆëŠ” 5ê°€ì§€ ë¹„ìš©,https://library.gabia.com/contents/infrahosting/4275/
264,DNS êµ¬ì„± ìš”ì†Œ â€“ â‘¢ ì¡´ íŒŒì¼(Zone File),https://library.gabia.com/contents/domain/4152/
265,DNS êµ¬ì„± ìš”ì†Œ - â‘¡ ë„ë©”ì¸ ë„¤ì„ ì„œë²„(Domain Name Server),https://library.gabia.com/contents/domain/4146/
266,DNS êµ¬ì„± ìš”ì†Œ - â‘  ë„ë©”ì¸ ì´ë¦„ ê³µê°„ (Domain Name Space),https://library.gabia.com/contents/domain/4137/
267,"ì¸í„°ë„· ë°œì „ì‚¬ë¡œ ì•Œì•„ë³´ëŠ” DNS â€“ â‘£ ì „í™˜, ìƒˆë¡œìš´ ì‹œìŠ¤í…œì„ ì°¾ì•„ì„œ",https://library.gabia.com/contents/domain/4129/
268,ì¸í„°ë„· ë°œì „ì‚¬ë¡œ ì•Œì•„ë³´ëŠ” DNS â€“ â‘¢ ë„¤íŠ¸ì›Œí¬ì˜ í™•ì¥,https://library.gabia.com/contents/domain/4071/
269,ì¸í„°ë„· ë°œì „ì‚¬ë¡œ ì•Œì•„ë³´ëŠ” DNS â€“ â‘¡ í˜¸ìŠ¤íŠ¸ì˜ ë³€í™”,https://library.gabia.com/contents/domain/4020/
270,ì¸í„°ë„· ë°œì „ì‚¬ë¡œ ì•Œì•„ë³´ëŠ” DNS â€“ â‘  ìµœì´ˆì˜ ì—°ê²°,https://library.gabia.com/contents/domain/4017/
271,'ë„¤ì„ì„œë²„ ì„¤ì •'ìœ¼ë¡œ ì•Œì•„ë³´ëŠ” DNS: â‘¢ ë„¤ì„ì„œë²„ ì •ë³´ëŠ” ì–´ë””ì—ì„œ ì–»ì„ ìˆ˜ ìˆë‚˜,https://library.gabia.com/contents/domain/4009/
272,'ë„¤ì„ì„œë²„ ì„¤ì •'ìœ¼ë¡œ ì•Œì•„ë³´ëŠ” DNS: â‘¡ IP ì£¼ì†Œì™€ í˜¸ìŠ¤íŠ¸ëª… ì•Œì•„ë³´ê¸°,https://library.gabia.com/contents/domain/4005/
273,'ë„¤ì„ì„œë²„ ì„¤ì •'ìœ¼ë¡œ ì•Œì•„ë³´ëŠ” DNS: â‘  ë„ë©”ì¸ ë“±ë¡ í˜ì´ì§€ì—ì„œ DNS í‚¤ì›Œë“œ ì°¾ê¸°,https://library.gabia.com/contents/domain/3999/
274,DNS ê¸°ì´ˆ ì§€ì‹ - ì»´í“¨í„°ì˜ ì‹¤ì²´ì™€ ì‘ë™ ì›ë¦¬ ä¸‹,https://library.gabia.com/contents/domain/3985/
275,DNS ê¸°ì´ˆ ì§€ì‹ - ì»´í“¨í„°ì˜ ì‹¤ì²´ì™€ ì‘ë™ ì›ë¦¬ ä¸Š,https://library.gabia.com/contents/domain/3979/
276,VPS í˜¸ìŠ¤íŒ… ì„ íƒ ì „ ì´ê²ƒë§Œ ì²´í¬í•˜ì!,https://library.gabia.com/contents/infrahosting/3941/
277,ê°€ìƒì„œë²„(VPSí˜¸ìŠ¤íŒ…/í´ë¼ìš°ë“œ) ë¹„êµí•˜ê¸°,https://library.gabia.com/contents/infrahosting/3915/
278,ê°€ìƒì„œë²„ì™€ ë¬¼ë¦¬ì„œë²„ ìƒì„¸ ë¹„êµí•˜ê¸°,https://library.gabia.com/contents/infrahosting/3864/
279,"â€˜ê³µê°„â€™ê³¼ â€˜ë¹„ìš©â€™ìœ¼ë¡œ ì•Œì•„ë³´ëŠ” ì›¹í˜¸ìŠ¤íŒ…, VPS, ì„œë²„í˜¸ìŠ¤íŒ…, í´ë¼ìš°ë“œì˜ ì°¨ì´ì ",https://library.gabia.com/contents/infrahosting/3605/
280,ì‰½ê²Œ ì•Œì•„ë³´ëŠ” VPSì˜ ì •ì˜ì™€ ì¥ë‹¨ì ,https://library.gabia.com/contents/infrahosting/3594/
281,ì•Œê³  ë³´ë©´ ì‰¬ìš´ ëœì„¬ì›¨ì–´ ì˜ˆë°©ë²• 6ê°€ì§€,https://library.gabia.com/contents/infrahosting/3587/
282,[ë¦¬ëˆ…ìŠ¤ ì„œë²„ êµ¬ì¶•í•˜ê¸°] 7. MySQL ì„¤ì¹˜,https://library.gabia.com/contents/infrahosting/3564/
283,[ë¦¬ëˆ…ìŠ¤ ì„œë²„ êµ¬ì¶•í•˜ê¸°] 6. DNS ì„¤ì •,https://library.gabia.com/contents/infrahosting/3546/
284,[ë¦¬ëˆ…ìŠ¤ ì„œë²„ êµ¬ì¶•í•˜ê¸°] 5. php ì„¤ì¹˜ì™€ ì„¤ì •,https://library.gabia.com/contents/infrahosting/3530/
285,[ë¦¬ëˆ…ìŠ¤ ì„œë²„ êµ¬ì¶•í•˜ê¸°] 4. ì•„íŒŒì¹˜ ì„¤ì¹˜ ë° ì„¤ì •,https://library.gabia.com/contents/infrahosting/3513/
286,[ë¦¬ëˆ…ìŠ¤ ì„œë²„ êµ¬ì¶•í•˜ê¸°] 3. CentOS ì„¤ì¹˜ ë°©ë²•,https://library.gabia.com/contents/infrahosting/3472/
287,[ë¦¬ëˆ…ìŠ¤ ì„œë²„ êµ¬ì¶•í•˜ê¸°] 2. ë¦¬ëˆ…ìŠ¤ ë°°í¬íŒì˜ ì¢…ë¥˜ì™€ íŠ¹ì§•,https://library.gabia.com/contents/infrahosting/3466/
288,[ë¦¬ëˆ…ìŠ¤ ì„œë²„ êµ¬ì¶•í•˜ê¸°] 1. ê¸°ì´ˆ ì§€ì‹ ì•Œì•„ë³´ê¸°,https://library.gabia.com/contents/infrahosting/3448/
289,í´ë¼ìš°ë“œ ì €ì¥ ì¥ì¹˜ì™€ P2P ì„œë¹„ìŠ¤ì˜ ì°¨ì´ì ,https://library.gabia.com/contents/infrahosting/3270/
290,í´ë¼ìš°ë“œ ì»´í“¨íŒ…ê³¼ ë³´ì•ˆ ë¬¸ì œ,https://library.gabia.com/contents/infrahosting/3266/
291,Thin-Client/ë…¸í•˜ë“œ ì‹œìŠ¤í…œì´ë€?,https://library.gabia.com/contents/infrahosting/3257/
292,í™ˆí˜ì´ì§€ì— ê¼­ ë“¤ì–´ê°€ì•¼ í•˜ëŠ” í•„ìˆ˜í•­ëª©,https://library.gabia.com/contents/domain/3076/
293,"ë„ë©”ì¸ ì‘ëª…ì˜ í•µì‹¬, ê°„ê²°ì„±ê³¼ ëŒ€í‘œì„±",https://library.gabia.com/contents/domain/3069/
294,ì›¹ ì ‘ê·¼ì„±ì„ ë†’ì´ëŠ” ë‘ ê°€ì§€ ë°©ë²•,https://library.gabia.com/contents/domain/3010/
295,ì¥ë²½ ì—†ëŠ” í™ˆí˜ì´ì§€ ë§Œë“¤ê¸° - ì›¹ ì ‘ê·¼ì„±ì´ë€?,https://library.gabia.com/contents/domain/3005/
296,gTLD ë¶„ìŸì€ ì–´ë–»ê²Œ í•´ê²°í• ê¹Œ,https://library.gabia.com/contents/domain/2980/
297,ë„ë©”ì¸ ë¶„ìŸ ì¤‘ì¬ íŒì •ì˜ ê²°ê³¼,https://library.gabia.com/contents/domain/2994/
298,ë„ë©”ì¸ ë¶„ìŸì˜ ì²´í¬ í¬ì¸íŠ¸!,https://library.gabia.com/contents/domain/2991/
299,"ë„ë©”ì¸ ë¶„ìŸ, ì¤‘ì¬ëŠ” ì–´ë–»ê²Œ?",https://library.gabia.com/contents/domain/2984/
300,"ë„ë©”ì¸ ë¶„ìŸì˜ ë°°ê²½, ìƒí‘œê¶Œ",https://library.gabia.com/contents/domain/2979/
301,í¬í„¸ ì‚¬ì´íŠ¸ì˜ ë¸”ë¡œê·¸ë‚˜ ì¹´í˜ì— ë„ë©”ì¸ ì—°ê²°í•˜ëŠ” ë°©ë²•,https://library.gabia.com/contents/domain/2970/
302,"ë„ë©”ì¸, ì›¹í˜¸ìŠ¤íŒ… ì—…ì²´ê°€ ë‹¤ë¥¼ ë•Œ í™ˆí˜ì´ì§€ì— ë„ë©”ì¸ ì—°ê²°í•˜ëŠ” ë°©ë²•",https://library.gabia.com/contents/domain/2958/
303,"ë¬´ë£Œ í™ˆí˜ì´ì§€ ë¹Œë”, WIX í™œìš©ë²• â‘¢ ê´€ë¦¬íˆ´ ê¸°ëŠ¥ ì‚´í´ë³´ê¸°",https://library.gabia.com/contents/domain/2949/
304,"ë¬´ë£Œ í™ˆí˜ì´ì§€ ë¹Œë”, WIX í™œìš©ë²• â‘¡ ë„ë©”ì¸ ì—°ê²°í•˜ê¸°",https://library.gabia.com/contents/domain/2944/
305,"ë¬´ë£Œ í™ˆí˜ì´ì§€ ë¹Œë”, WIX í™œìš©ë²• â‘  í™ˆí˜ì´ì§€ ë§Œë“¤ê¸°",https://library.gabia.com/contents/domain/2932/
306,ë„ë©”ì¸ì— ê´€í•´ì„œëŠ” êµ¬ê¸€ë³´ë‹¤ ë˜‘ë˜‘í•œ WHOISëŠ” ì–´ë–»ê²Œ ìƒê²¨ë‚¬ì„ê¹Œ?,https://library.gabia.com/contents/domain/2917/
307,"ë„ë©”ì¸ ì„¸ê³„ì˜ ëœ¨ê±°ìš´ ê°ì, WHOIS: ì •ë³´ì˜ íˆ¬ëª…í•œ ê³µê°œì¸ê°€ ê°œì¸ì •ë³´ì˜ ì¹¨í•´ì¸ê°€",https://library.gabia.com/contents/domain/2913/
308,"â€˜ì–´ë–¤ ë„ë©”ì¸ì´ë“ â€™ ê²€ìƒ‰ ê°€ëŠ¥í•œ WHOISëŠ” ë¬´ì—‡ì´ë©°, ì–´ë–¤ ì •ë³´ê°€ ì œê³µë ê¹Œ?",https://library.gabia.com/contents/domain/2900/
309,"ì—…ì²´ë§ˆë‹¤ ë‹¤ë¥¸ ë„ë©”ì¸ ë“±ë¡ ë¹„ìš©, ë¬´ì—‡ì´ ì§„ì§œì¼ê¹Œ?",https://library.gabia.com/contents/domain/2860/
310,"ë„ë©”ì¸, í•œ ë²ˆ ë“±ë¡í•˜ë©´ ì˜ì›íˆ ë‚´ ê²ƒì´ ë˜ëŠ” ê²ƒì¼ê¹Œ?",https://library.gabia.com/contents/domain/2853/
311,"ë„ë©”ì¸, .com, .netë§Œì´ ë‹µì¼ê¹Œ?",https://library.gabia.com/contents/domain/2846/
312,ë„ë©”ì¸ ë“±ë¡ì€ ì–´ë””ì—ì„œ í•  ìˆ˜ ìˆë‚˜?,https://library.gabia.com/contents/domain/2842/
313,FTPë¥¼ ì´ìš©í•˜ëŠ” ê°„ë‹¨í•œ ì›¹í˜ì´ì§€ ì—…ë¡œë“œ,https://library.gabia.com/contents/domain/2560/
314,"ë„ë©”ì¸ í™œìš©ì˜ ê¸°ë³¸, ì›¹ì‚¬ì´íŠ¸ ì—°ê²°í•˜ê¸°",https://library.gabia.com/contents/domain/2727/
315,TLD í•œ ëˆˆì— ë¹„êµí•˜ê¸°,https://library.gabia.com/contents/domain/2467/
316,ì„œë²„ì„ëŒ€? êµ¬ë§¤? í´ë¼ìš°ë“œ? - ì ì ˆí•œ ì„ íƒí•˜ê¸°,https://library.gabia.com/contents/infrahosting/2675/
317,ì·¨ì•½ì  íŒ¨ì¹˜ ë° ë³´ì•ˆ ì—…ë°ì´íŠ¸ì˜ ì¤‘ìš”ì„±,https://library.gabia.com/contents/infrahosting/2668/
318,ì•”í˜¸í™” í•´ì•¼ í•˜ëŠ” ì •ë³´ì™€ ì €ì¥í•˜ë©´ ì•ˆ ë˜ëŠ” ì •ë³´,https://library.gabia.com/contents/infrahosting/2665/
319,ì¥ë²½ ì—†ëŠ” í™ˆí˜ì´ì§€ ë§Œë“¤ê¸° â€“ ì›¹ í‘œì¤€í™”,https://library.gabia.com/contents/domain/2614/
320,ì›¹ í‘œì¤€ì„ ì¤€ìˆ˜í•œ í™ˆí˜ì´ì§€ì˜ ê¸ì •ì  íš¨ê³¼,https://library.gabia.com/contents/domain/2611/
321,ì›¹ì‚¬ì´íŠ¸ì˜ ê¾¸ì¤€í•œ ê´€ë¦¬ë¥¼ ìœ„í•œ ìœ ì§€ë³´ìˆ˜ ì„œë¹„ìŠ¤,https://library.gabia.com/contents/domain/2591/
322,í™ˆí˜ì´ì§€ ì™¸ì£¼ì œì‘ì˜ 6ë‹¨ê³„ í”„ë¡œì„¸ìŠ¤,https://library.gabia.com/contents/domain/2588/
323,í™ˆí˜ì´ì§€ ì œì‘ ì™¸ì£¼ì—…ì²´ ì„ ì •ì˜ 3ê°€ì§€ ê¸°ì¤€,https://library.gabia.com/contents/domain/2581/
324,ì‹œê°„ì´ ë¶€ì¡±í•œ ë¶„ë“¤ì„ ìœ„í•œ í™ˆí˜ì´ì§€ ì œì‘ ë°©ë²•,https://library.gabia.com/contents/domain/2575/
325,í™ˆí˜ì´ì§€ ì œì‘ì˜ ë‘ ê°€ì§€ ë°©ì‹ â€“ ë¹Œë”ì œì‘ê³¼ ë§ì¶¤ì œì‘,https://library.gabia.com/contents/domain/2571/
326,ì„œë²„ ê°€ìƒí™”ì˜ ì¥ì  â€“ ìœ ì—°ì„±,https://library.gabia.com/contents/infrahosting/2263/
327,SSL ë³´ì•ˆì„œë²„ ì¸ì¦ì„œê°€ í•„ìš”í•œ ì´ìœ ,https://library.gabia.com/contents/infrahosting/2312/
328,ë³´ì•ˆì— íˆ¬ìí•  ë¹„ìš©ì„ ì‚°ì •í•˜ëŠ” ë°©ë²•,https://library.gabia.com/contents/infrahosting/2315/
329,ë‚´ ë¸”ë¡œê·¸ì— ìƒˆë¡œìš´ ì´ë¦„ì„ ì…íˆëŠ” ë°©ë²•: ë„ë©”ì¸ ì—°ê²°í•˜ê¸°,https://library.gabia.com/contents/domain/2450/
330,ë™ì— ë„¤íŠ¸ì›Œí¬ ì¥ë¹„ë¥¼ ì„¤ì¹˜í•˜ëŠ” ë°©ë²•,https://library.gabia.com/contents/infrahosting/2192/
331,ë™ì— ì„œë²„ë¥¼ ì„¤ì¹˜í•˜ëŠ” ë°©ë²•,https://library.gabia.com/contents/infrahosting/2201/
332,ì„œë¹„ìŠ¤ì— ë”°ë¼ ë‹¬ë¼ì§€ëŠ” IDCì˜ ìœ„ì¹˜,https://library.gabia.com/contents/infrahosting/2322/
333,"IDC ì„¤ê³„ì˜ í•µì‹¬, ì „ì›ì²´ê³„ ë“¤ì—¬ë‹¤ë³´ê¸°",https://library.gabia.com/contents/infrahosting/2330/
334,IDCì—ëŠ” ì¼€ì´ì§€ê°€ ìˆë‹¤?,https://library.gabia.com/contents/infrahosting/2335/
335,Percona Xtradb ì´ìš©í•œ MySQLí´ëŸ¬ìŠ¤í„°,https://library.gabia.com/contents/infrahosting/2317/
336,ë‚´ê°€ ë“±ë¡í•œ ë„ë©”ì¸ì„ íŒ” ìˆ˜ëŠ” ì—†ë‚˜?,https://library.gabia.com/contents/domain/2310/
337,ë„ë©”ì¸ ì¤‘ê°œ ì‚¬ì´íŠ¸ì— ë“±ë¡ëœ ë§¤ë¬¼ êµ¬ë§¤í•˜ê¸°,https://library.gabia.com/contents/domain/2307/
338,ë„ë©”ì¸ ì´ë¦„ ì§ê±°ë˜ëŠ” ì´ë ‡ê²Œ!,https://library.gabia.com/contents/domain/2302/
339,"ë“±ë¡ëœ ë„ë©”ì¸, ì‚´ ìˆ˜ëŠ” ì—†ì„ê¹Œ?",https://library.gabia.com/contents/domain/2293/
340,í´ë¼ìš°ë“œ ì»´í“¨íŒ… ì„œë¹„ìŠ¤ì˜ ì¢…ë¥˜,https://library.gabia.com/contents/infrahosting/2257/
341,í´ë¼ìš°ë“œ ì»´í“¨íŒ…ì˜ ë‹¤ì„¯ ê°€ì§€ ì¡°ê±´,https://library.gabia.com/contents/infrahosting/2249/
342,"ì¸êµ¬, ì†Œë“, ë„ë©”ì¸ì˜ ìƒê´€ê´€ê³„",https://library.gabia.com/contents/domain/2280/
343,ê°€ìƒí™”ì˜ ì„¸ ê°€ì§€ ë°©ì‹,https://library.gabia.com/contents/infrahosting/2271/
344,ì„¸ê³„ ìµœì´ˆì˜ ë„ë©”ì¸ì€ ë¬´ì—‡ì¼ê¹Œ?,https://library.gabia.com/contents/domain/2277/
345,ìœˆë„ìš°95ì—ì„œ ì‹œì‘ëœ 2ì°¨ ë„ë©”ì¸ ì „ì„±ê¸°,https://library.gabia.com/contents/domain/2269/
346,ìµœì´ˆì˜ ë„ë©”ì¸ê³¼ í•¨ê»˜ ë³´ëŠ” 1ë‹¨ê³„ ë„ë©”ì¸ì˜ íƒ„ìƒ,https://library.gabia.com/contents/domain/2258/
347,í™€ì­‰í•œ ë„ë©”ì¸ ì •ë³´ì™€ ëš±ëš±í•œ ë„ë©”ì¸ ì •ë³´,https://library.gabia.com/contents/domain/2251/
348,ë„ë©”ì¸ ì´ì „ì— ëŒ€í•´ ìì£¼ í•˜ëŠ” ì§ˆë¬¸ë“¤,https://library.gabia.com/contents/domain/2241/
349,í˜¸ìŠ¤íŒ… ì—…ì²´ì™€ì˜ ì»¨ì„¤íŒ… ê³¼ì •ì—ì„œ ë°›ì„ ìˆ˜ ìˆëŠ” ì§ˆë¬¸ë“¤,https://library.gabia.com/contents/infrahosting/2239/
350,"IDC ì„œë¹„ìŠ¤ ì»¨ì„¤íŒ…, ì™œ í•„ìš”í•œê°€?",https://library.gabia.com/contents/infrahosting/2235/
351,ë„ë©”ì¸ ì†Œìœ ê¶Œ ì´ì „ ì ˆì°¨ì˜ ìœ ì˜ ì‚¬í•­,https://library.gabia.com/contents/domain/2234/
352,ì•ˆì „í•œ ì›¹ì„œë¹„ìŠ¤ë¥¼ ìœ„í•œ ë‘ ê°€ì§€ ì›¹ ë°©í™”ë²½,https://library.gabia.com/contents/infrahosting/2229/
353,ë„ë©”ì¸ ì†Œìœ ê¶Œ ì´ì „ì˜ ì •ì˜ì™€ ì œí•œ,https://library.gabia.com/contents/domain/2228/
354,ë„ë©”ì¸ ê¸°ê´€ì´ì „ ì ˆì°¨ì˜ A to Z,https://library.gabia.com/contents/domain/2224/
355,ë¦¬ëˆ…ìŠ¤ ìš´ì˜ì²´ì œ iptablesì— ê¸°ë°˜í•œ ë°©í™”ë²½ ì„¤ì • ë°©ë²•,https://library.gabia.com/contents/infrahosting/2214/
356,ê¸°ê´€ì´ì „ ì œí•œì€ ì—†ë‚˜? ì‚¬ì „ í™•ì¸ë¶€í„° ê¼¼ê¼¼í•˜ê²Œ!,https://library.gabia.com/contents/domain/2220/
357,ê¸°ê´€ ì´ì „ê³¼ ì†Œìœ ê¶Œ ì´ì „ì˜ ì°¨ì´ì ,https://library.gabia.com/contents/domain/2216/
358,í•¨ë¶€ë¡œ ëª» ë°”ê¾¸ëŠ” ë„ë©”ì¸ ì •ë³´ëŠ”?,https://library.gabia.com/contents/domain/2212/
359,"ë„¤íŠ¸ì›Œí¬ë¥¼ ì§€í‚¤ëŠ” ìš”ìƒˆ, ë„¤íŠ¸ì›Œí¬ ë°©í™”ë²½ì˜ ì—­í• ",https://library.gabia.com/contents/infrahosting/2209/
360,ë¨¼ì € ê²°ì œí•œ ì‚¬ëŒì´ ë„ë©”ì¸ì˜ ì£¼ì¸ì´ ëœë‹¤,https://library.gabia.com/contents/domain/2204/
361,ë†“ì¹˜ë©´ í°ì¼ë‚˜ëŠ” ë„ë©”ì¸ ë“±ë¡ í•„ìˆ˜ ì •ë³´!,https://library.gabia.com/contents/domain/2200/
362,"ì›¹ì‚¬ì´íŠ¸ ì œì‘ì˜ ì²« ê±¸ìŒ, ë„ë©”ì¸",https://library.gabia.com/contents/domain/2183/
363,ê°€ë¹„ì•„ê°€ IDCì—ì„œ ì‚¬ìš©í•˜ëŠ” 4ê°œì˜ íšŒì„ ,https://library.gabia.com/contents/infrahosting/2184/
364,V-IDC ì‚¬ì—…ìì™€ ê³„ì•½í–ˆì„ ë•Œì˜ ì¥ì ,https://library.gabia.com/contents/infrahosting/2189/
365,ê°€ë¹„ì•„ IDC í†µí•©ê´€ì œì„¼í„°,https://library.gabia.com/contents/inside/1737/
366,[ê°€ë¹„ì•„ ë¦¬ë¸Œëœë”© í”„ë¡œì íŠ¸ ì „ì‹œíšŒ] Beyond the web,https://library.gabia.com/contents/inside/1529/
367,"[ê°€ë¹„ì•„ CI ë¦¬ë‰´ì–¼] ì , ë„¤íŠ¸ì›Œí¬, ê·¸ë¦¬ê³  ì„ ",https://library.gabia.com/contents/inside/1526/
368,ì¢‹ì€ ë„ë©”ì¸ ê³ ë¥´ëŠ” TIP,https://library.gabia.com/contents/domain/1534/
369,ì›¹í˜¸ìŠ¤íŒ… / ì„œë²„í˜¸ìŠ¤íŒ… / í´ë¼ìš°ë“œ ì°¨ì´ì ì€?,https://library.gabia.com/contents/infrahosting/1311/
370,"[ì¸í”„ë¼ ìš©ì–´ ì•Œì•„ë³´ê¸°] ì œ 3íƒ„: ë””ìŠ¤í¬(DISK) â€“ ìš©ëŸ‰, íšŒì „ìˆ˜, ë²„í¼ ìš©ëŸ‰, í¬ê¸°, ì¸í„°í˜ì´ìŠ¤, A/S ë³´ì¦ê¸°ê°„",https://library.gabia.com/contents/infrahosting/1242/
371,"[ì¸í”„ë¼ ìš©ì–´ ì•Œì•„ë³´ê¸°] ì œ 2íƒ„: ë©”ëª¨ë¦¬(RAM) â€“ ì¢…ë¥˜, ìš©ëŸ‰, ë™ì‘ í´ëŸ­, ìŠ¬ë¡¯, ECC",https://library.gabia.com/contents/infrahosting/1237/
372,"[ì¸í”„ë¼ ìš©ì–´ ì•Œì•„ë³´ê¸°] ì œ 1íƒ„: CPU â€“ ì œì¡°ê³µì •, í´ëŸ­, ì½”ì–´, ìŠ¤ë ˆë“œ, ìºì‹œ ë©”ëª¨ë¦¬",https://library.gabia.com/contents/infrahosting/1227/
373,ì„œë²„ í™•ì¥ì„ ìœ„í•œ ë‘ ê°€ì§€ ë°©ë²•: ìŠ¤ì¼€ì¼ ì•„ì›ƒê³¼ ìŠ¤ì¼€ì¼ ì—…,https://library.gabia.com/contents/infrahosting/1222/
374,"ì„œë²„ ì„ íƒ ì‹œ, ì´ê²ƒë§Œì€ ê¼­ í™•ì¸í•˜ì„¸ìš”!",https://library.gabia.com/contents/infrahosting/1220/
375,"ë„ë©”ì¸, ë“±ë¡ë³´ë‹¤ ì¤‘ìš”í•œ ê²ƒì€ ë³´ì•ˆ!",https://library.gabia.com/contents/domain/979/
376,ë„ë©”ì¸ì´ ì „í•œ ì½”ì¹´ì½œë¼ì˜ 61ê°€ì§€ ì´ì•¼ê¸°,https://library.gabia.com/contents/domain/975/
377,"í™ˆí˜ì´ì§€, ë¹„ì›Œë‘ì§€ ë§ˆì„¸ìš”: ë„ë©”ì¸ íŒŒí‚¹ í™œìš©í•˜ê¸°",https://library.gabia.com/contents/domain/971/
378,í¬í„¸ ë©”ì¼ ëŒ€ì‹  ë„ë©”ì¸ ë©”ì¼ì„ ì“°ëŠ” ê²ƒì´ ì¢‹ì€ ì„¸ ê°€ì§€ ì´ìœ !,https://library.gabia.com/contents/domain/968/
379,'ë„ë©”ì¸ í¬ì›Œë”© ì„œë¹„ìŠ¤'ë¥¼ ì´ìš©í•˜ì—¬ ë‚´ í™ˆí˜ì´ì§€ì˜ ì ‘ì† í†µë¡œ ë„“íˆê¸°,https://library.gabia.com/contents/domain/960/
380,"ì„œë²„ì™€ ì¼ë°˜ ì»´í“¨í„°, ë¬´ì—‡ì´ ë‹¤ë¥¼ê¹Œ?",https://library.gabia.com/contents/infrahosting/794/
381,KRë¡œ ëŒ€í‘œë˜ëŠ” â€˜ccTLDâ€™ì˜ ë“±ë¡ ì£¼ê¸°ëŠ” ì–´ë–»ê²Œ ë ê¹Œ?,https://library.gabia.com/contents/domain/731/
382,"COM, NETìœ¼ë¡œ ëŒ€í‘œë˜ëŠ” â€˜gTLDâ€™ì˜ ë“±ë¡ ì£¼ê¸°ëŠ” ì–´ë–»ê²Œ ë ê¹Œ?",https://library.gabia.com/contents/domain/725/
383,"ë„ë©”ì¸, ì˜ì›í•œ ì†Œìœ ëŠ” ì—†ë‹¤! 'ë„ë©”ì¸ ë¼ì´í”„ ì‚¬ì´í´' ì•Œì•„ë³´ê¸°",https://library.gabia.com/contents/domain/722/
384,ë„ë©”ì¸ì—ë„ 'ë‹¨ê³„'ê°€ ìˆë‹¤!,https://library.gabia.com/contents/domain/716/
385,"ìµìˆ™í•œ ë“¯, ìµìˆ™í•˜ì§€ ì•Šì€ 'TLD'ë€ ë¬´ì—‡ì¼ê¹Œ?",https://library.gabia.com/contents/domain/713/
386,ë„ë©”ì¸ì´ë€?,https://library.gabia.com/contents/domain/688/
